variant_display_name	cell	med_diff	q025_diff	q975_diff	med_fold_change	q025_fold_change	q975_fold_change	formatted_fold_change
Omicron	Vero_E6	-1.227986177642778	-2.2005211249146632	-0.15710637756139623	0.7443710036174107	0.577969770951494	0.9645560870765567	0.744 [0.578, 0.965]
Delta	Vero_E6	-0.4231110074947346	-1.5727366690357885	0.9524077471473357	0.9121639232845511	0.6940458051865631	1.207879340799441	0.912 [0.694, 1.21]
Beta	Vero_E6	0.922032588654996	-0.0616543647147848	2.0464285155668835	1.1924615258796578	0.9880004566850492	1.4616717394741607	1.19 [0.988, 1.46]
Alpha	Vero_E6	0.32055651309777033	-0.5450697356443659	1.1904587696031228	1.0664533053123004	0.8957389572158803	1.2684121305503917	1.07 [0.896, 1.27]
B.1	Vero_E6	0.35314535633331445	-0.6521273711303333	1.3854330863524917	1.0740553488588438	0.8758912893707193	1.3156047729897995	1.07 [0.876, 1.32]
WA1	Vero_E6	0	0	0	1	1	1	1 [1, 1]
